PassengerId,Survived,Pclass,Sex,Age,SibSp,Parch,Fare,Cabin,Embarked,FamilySize,Alone
1,0,3,0,1,1,0,7,0,2,2,0
2,1,1,1,2,1,0,71,1,0,2,0
3,1,3,1,1,0,0,7,0,2,1,1
4,1,1,1,2,1,0,53,1,2,2,0
5,0,3,0,2,0,0,8,0,2,1,1
6,0,3,0,1,0,0,8,0,1,1,1
7,0,1,0,3,0,0,51,1,2,1,1
8,0,3,0,0,3,1,21,0,2,5,0
9,1,3,1,1,0,2,11,0,2,3,0
10,1,2,1,0,1,0,30,0,0,2,0
11,1,3,1,0,1,1,16,1,2,3,0
12,1,1,1,3,0,0,26,1,2,1,1
13,0,3,0,1,0,0,8,0,2,1,1
14,0,3,0,2,1,5,31,0,2,7,0
15,0,3,1,0,0,0,7,0,2,1,1
16,1,2,1,3,0,0,16,0,2,1,1
17,0,3,0,0,4,1,29,0,1,6,0
18,1,2,0,1,0,0,13,0,2,1,1
19,0,3,1,1,1,0,18,0,2,2,0
20,1,3,1,1,0,0,7,0,0,1,1
21,0,2,0,2,0,0,26,0,2,1,1
22,1,2,0,2,0,0,13,1,2,1,1
23,1,3,1,0,0,0,8,0,1,1,1
24,1,1,0,1,0,0,35,1,2,1,1
25,0,3,1,0,3,1,21,0,2,5,0
26,1,3,1,2,1,5,31,0,2,7,0
27,0,3,0,1,0,0,7,0,0,1,1
28,0,1,0,1,3,2,263,1,2,6,0
29,1,3,1,1,0,0,7,0,1,1,1
30,0,3,0,1,0,0,7,0,2,1,1
31,0,1,0,2,0,0,27,0,0,1,1
32,1,1,1,1,1,0,146,1,0,2,0
33,1,3,1,1,0,0,7,0,1,1,1
34,0,2,0,4,0,0,10,0,2,1,1
35,0,1,0,1,1,0,82,0,0,2,0
36,0,1,0,2,1,0,52,0,2,2,0
37,1,3,0,1,0,0,7,0,0,1,1
38,0,3,0,1,0,0,8,0,2,1,1
39,0,3,1,1,2,0,18,0,2,3,0
40,1,3,1,0,1,0,11,0,0,2,0
41,0,3,1,2,1,0,9,0,2,2,0
42,0,2,1,1,1,0,21,0,2,2,0
43,0,3,0,1,0,0,7,0,0,1,1
44,1,2,1,0,1,2,41,0,0,4,0
45,1,3,1,1,0,0,7,0,1,1,1
46,0,3,0,1,0,0,8,0,2,1,1
47,0,3,0,1,1,0,15,0,1,2,0
48,1,3,1,1,0,0,7,0,1,1,1
49,0,3,0,1,2,0,21,0,0,3,0
50,0,3,1,1,1,0,17,0,2,2,0
51,0,3,0,0,4,1,39,0,2,6,0
52,0,3,0,1,0,0,7,0,2,1,1
53,1,1,1,3,1,0,76,1,0,2,0
54,1,2,1,1,1,0,26,0,2,2,0
55,0,1,0,4,0,1,61,1,0,2,0
56,1,1,0,1,0,0,35,1,2,1,1
57,1,2,1,1,0,0,10,0,2,1,1
58,0,3,0,1,0,0,7,0,0,1,1
59,1,2,1,0,1,2,27,0,2,4,0
60,0,3,0,0,5,2,46,0,2,8,0
61,0,3,0,1,0,0,7,0,0,1,1
62,1,1,1,2,0,0,80,1,2,1,1
63,0,1,0,2,1,0,83,1,2,2,0
64,0,3,0,0,3,2,27,0,2,6,0
65,0,1,0,1,0,0,27,0,0,1,1
66,1,3,0,1,1,1,15,0,0,3,0
67,1,2,1,1,0,0,10,1,2,1,1
68,0,3,0,1,0,0,8,0,2,1,1
69,1,3,1,1,4,2,7,0,2,7,0
70,0,3,0,1,2,0,8,0,2,3,0
71,0,2,0,2,0,0,10,0,2,1,1
72,0,3,1,1,5,2,46,0,2,8,0
73,0,2,0,1,0,0,73,0,2,1,1
74,0,3,0,1,1,0,14,0,0,2,0
75,1,3,0,2,0,0,56,0,2,1,1
76,0,3,0,1,0,0,7,1,2,1,1
77,0,3,0,1,0,0,7,0,2,1,1
78,0,3,0,1,0,0,8,0,2,1,1
79,1,2,0,0,0,2,29,0,2,3,0
80,1,3,1,1,0,0,12,0,2,1,1
81,0,3,0,1,0,0,9,0,2,1,1
82,1,3,0,1,0,0,9,0,2,1,1
83,1,3,1,1,0,0,7,0,1,1,1
84,0,1,0,1,0,0,47,0,2,1,1
85,1,2,1,1,0,0,10,0,2,1,1
86,1,3,1,2,3,0,15,0,2,4,0
87,0,3,0,1,1,3,34,0,2,5,0
88,0,3,0,1,0,0,8,0,2,1,1
89,1,1,1,1,3,2,263,1,2,6,0
90,0,3,0,1,0,0,8,0,2,1,1
91,0,3,0,1,0,0,8,0,2,1,1
92,0,3,0,1,0,0,7,0,2,1,1
93,0,1,0,2,1,0,61,1,2,2,0
94,0,3,0,1,1,2,20,0,2,4,0
95,0,3,0,3,0,0,7,0,2,1,1
96,0,3,0,1,0,0,8,0,2,1,1
97,0,1,0,4,0,0,34,1,0,1,1
98,1,1,0,1,0,1,63,1,0,2,0
99,1,2,1,2,0,1,23,0,2,2,0
100,0,2,0,2,1,0,26,0,2,2,0
101,0,3,1,1,0,0,7,0,2,1,1
102,0,3,0,1,0,0,7,0,2,1,1
103,0,1,0,1,0,1,77,1,2,2,0
104,0,3,0,2,0,0,8,0,2,1,1
105,0,3,0,2,2,0,7,0,2,3,0
106,0,3,0,1,0,0,7,0,2,1,1
107,1,3,1,1,0,0,7,0,2,1,1
108,1,3,0,1,0,0,7,0,2,1,1
109,0,3,0,2,0,0,7,0,2,1,1
110,1,3,1,1,1,0,24,0,1,2,0
111,0,1,0,2,0,0,52,1,2,1,1
112,0,3,1,0,1,0,14,0,0,2,0
113,0,3,0,1,0,0,8,0,2,1,1
114,0,3,1,1,1,0,9,0,2,2,0
115,0,3,1,1,0,0,14,0,0,1,1
116,0,3,0,1,0,0,7,0,2,1,1
117,0,3,0,4,0,0,7,0,1,1,1
118,0,2,0,1,1,0,21,0,2,2,0
119,0,1,0,1,0,1,247,1,0,2,0
120,0,3,1,0,4,2,31,0,2,7,0
121,0,2,0,1,2,0,73,0,2,3,0
122,0,3,0,1,0,0,8,0,2,1,1
123,0,2,0,2,1,0,30,0,0,2,0
124,1,2,1,2,0,0,13,1,2,1,1
125,0,1,0,3,0,1,77,1,2,2,0
126,1,3,0,0,1,0,11,0,0,2,0
127,0,3,0,1,0,0,7,0,1,1,1
128,1,3,0,1,0,0,7,0,2,1,1
129,1,3,1,1,1,1,22,1,0,3,0
130,0,3,0,2,0,0,6,0,2,1,1
131,0,3,0,2,0,0,7,0,0,1,1
132,0,3,0,1,0,0,7,0,2,1,1
133,0,3,1,2,1,0,14,0,2,2,0
134,1,2,1,1,1,0,26,0,2,2,0
135,0,2,0,1,0,0,13,0,2,1,1
136,0,2,0,1,0,0,15,0,0,1,1
137,1,1,1,1,0,2,26,1,2,3,0
138,0,1,0,2,1,0,53,1,2,2,0
139,0,3,0,1,0,0,9,0,2,1,1
140,0,1,0,1,0,0,79,1,0,1,1
141,0,3,1,1,0,2,15,0,0,3,0
142,1,3,1,1,0,0,7,0,2,1,1
143,1,3,1,1,1,0,15,0,2,2,0
144,0,3,0,1,0,0,6,0,1,1,1
145,0,2,0,1,0,0,11,0,2,1,1
146,0,2,0,1,1,1,36,0,2,3,0
147,1,3,0,1,0,0,7,0,2,1,1
148,0,3,1,0,2,2,34,0,2,5,0
149,0,2,0,2,0,2,26,1,2,3,0
150,0,2,0,2,0,0,13,0,2,1,1
151,0,2,0,3,0,0,12,0,2,1,1
152,1,1,1,1,1,0,66,1,2,2,0
153,0,3,0,3,0,0,8,0,2,1,1
154,0,3,0,2,0,2,14,0,2,3,0
155,0,3,0,1,0,0,7,0,2,1,1
156,0,1,0,3,0,1,61,0,0,2,0
157,1,3,1,1,0,0,7,0,1,1,1
158,0,3,0,1,0,0,8,0,2,1,1
159,0,3,0,1,0,0,8,0,2,1,1
160,0,3,0,1,8,2,69,0,2,11,0
161,0,3,0,2,0,1,16,0,2,2,0
162,1,2,1,2,0,0,15,0,2,1,1
163,0,3,0,1,0,0,7,0,2,1,1
164,0,3,0,1,0,0,8,0,2,1,1
165,0,3,0,0,4,1,39,0,2,6,0
166,1,3,0,0,0,2,20,0,2,3,0
167,1,1,1,1,0,1,55,1,2,2,0
168,0,3,1,2,1,4,27,0,2,6,0
169,0,1,0,1,0,0,25,0,2,1,1
170,0,3,0,1,0,0,56,0,2,1,1
171,0,1,0,3,0,0,33,1,2,1,1
172,0,3,0,0,4,1,29,0,1,6,0
173,1,3,1,0,1,1,11,0,2,3,0
174,0,3,0,1,0,0,7,0,2,1,1
175,0,1,0,3,0,0,30,1,0,1,1
176,0,3,0,1,1,1,7,0,2,3,0
177,0,3,0,1,3,1,25,0,2,5,0
178,0,1,1,3,0,0,28,1,0,1,1
179,0,2,0,1,0,0,13,0,2,1,1
180,0,3,0,2,0,0,0,0,2,1,1
181,0,3,1,1,8,2,69,0,2,11,0
182,0,2,0,1,0,0,15,0,0,1,1
183,0,3,0,0,4,2,31,0,2,7,0
184,1,2,0,0,2,1,39,1,2,4,0
185,1,3,1,0,0,2,22,0,2,3,0
186,0,1,0,1,0,0,50,1,2,1,1
187,1,3,1,1,1,0,15,0,1,2,0
188,1,1,0,2,0,0,26,0,2,1,1
189,0,3,0,2,1,1,15,0,1,3,0
190,0,3,0,2,0,0,7,0,2,1,1
191,1,2,1,2,0,0,13,0,2,1,1
192,0,2,0,1,0,0,13,0,2,1,1
193,1,3,1,1,1,0,7,0,2,2,0
194,1,2,0,0,1,1,26,1,2,3,0
195,1,1,1,2,0,0,27,1,0,1,1
196,1,1,1,3,0,0,146,1,0,1,1
197,0,3,0,1,0,0,7,0,1,1,1
198,0,3,0,2,0,1,8,0,2,2,0
199,1,3,1,1,0,0,7,0,1,1,1
200,0,2,1,1,0,0,13,0,2,1,1
201,0,3,0,1,0,0,9,0,2,1,1
202,0,3,0,1,8,2,69,0,2,11,0
203,0,3,0,2,0,0,6,0,2,1,1
204,0,3,0,2,0,0,7,0,0,1,1
205,1,3,0,1,0,0,8,0,2,1,1
206,0,3,1,0,0,1,10,1,2,2,0
207,0,3,0,2,1,0,15,0,2,2,0
208,1,3,0,1,0,0,18,0,0,1,1
209,1,3,1,1,0,0,7,0,1,1,1
210,1,1,0,2,0,0,31,1,0,1,1
211,0,3,0,1,0,0,7,0,2,1,1
212,1,2,1,2,0,0,21,0,2,1,1
213,0,3,0,1,0,0,7,0,2,1,1
214,0,2,0,1,0,0,13,0,2,1,1
215,0,3,0,1,1,0,7,0,1,2,0
216,1,1,1,1,1,0,113,1,0,2,0
217,1,3,1,1,0,0,7,0,2,1,1
218,0,2,0,2,1,0,27,0,2,2,0
219,1,1,1,2,0,0,76,1,0,1,1
220,0,2,0,1,0,0,10,0,2,1,1
221,1,3,0,1,0,0,8,0,2,1,1
222,0,2,0,1,0,0,13,0,2,1,1
223,0,3,0,3,0,0,8,0,2,1,1
224,0,3,0,1,0,0,7,0,2,1,1
225,1,1,0,2,1,0,90,1,2,2,0
226,0,3,0,1,0,0,9,0,2,1,1
227,1,2,0,1,0,0,10,0,2,1,1
228,0,3,0,1,0,0,7,0,2,1,1
229,0,2,0,1,0,0,13,0,2,1,1
230,0,3,1,1,3,1,25,0,2,5,0
231,1,1,1,2,1,0,83,1,2,2,0
232,0,3,0,1,0,0,7,0,2,1,1
233,0,2,0,3,0,0,13,0,2,1,1
234,1,3,1,0,4,2,31,0,2,7,0
235,0,2,0,1,0,0,10,0,2,1,1
236,0,3,1,1,0,0,7,0,2,1,1
237,0,2,0,2,1,0,26,0,2,2,0
238,1,2,1,0,0,2,26,0,2,3,0
239,0,2,0,1,0,0,10,0,2,1,1
240,0,2,0,2,0,0,12,0,2,1,1
241,0,3,1,1,1,0,14,0,0,2,0
242,1,3,1,1,1,0,15,0,1,2,0
243,0,2,0,1,0,0,10,0,2,1,1
244,0,3,0,1,0,0,7,0,2,1,1
245,0,3,0,1,0,0,7,0,0,1,1
246,0,1,0,2,2,0,90,1,1,3,0
247,0,3,1,1,0,0,7,0,2,1,1
248,1,2,1,1,0,2,14,0,2,3,0
249,1,1,0,2,1,1,52,1,2,3,0
250,0,2,0,3,1,0,26,0,2,2,0
251,0,3,0,1,0,0,7,0,2,1,1
252,0,3,1,1,1,1,10,1,2,3,0
253,0,1,0,3,0,0,26,1,2,1,1
254,0,3,0,1,1,0,16,0,2,2,0
255,0,3,1,2,0,2,20,0,2,3,0
256,1,3,1,1,0,2,15,0,0,3,0
257,1,1,1,1,0,0,79,0,0,1,1
258,1,1,1,1,0,0,86,1,2,1,1
259,1,1,1,2,0,0,512,0,0,1,1
260,1,2,1,3,0,1,26,0,2,2,0
261,0,3,0,1,0,0,7,0,1,1,1
262,1,3,0,0,4,2,31,0,2,7,0
263,0,1,0,3,1,1,79,1,2,3,0
264,0,1,0,2,0,0,0,1,2,1,1
265,0,3,1,1,0,0,7,0,1,1,1
266,0,2,0,2,0,0,10,0,2,1,1
267,0,3,0,1,4,1,39,0,2,6,0
268,1,3,0,1,1,0,7,0,2,2,0
269,1,1,1,3,0,1,153,1,2,2,0
270,1,1,1,2,0,0,135,1,2,1,1
271,0,1,0,1,0,0,31,0,2,1,1
272,1,3,0,1,0,0,0,0,2,1,1
273,1,2,1,2,0,1,19,0,2,2,0
274,0,1,0,2,0,1,29,1,0,2,0
275,1,3,1,1,0,0,7,0,1,1,1
276,1,1,1,3,1,0,77,1,2,2,0
277,0,3,1,2,0,0,7,0,2,1,1
278,0,2,0,1,0,0,0,0,2,1,1
279,0,3,0,0,4,1,29,0,1,6,0
280,1,3,1,2,1,1,20,0,2,3,0
281,0,3,0,4,0,0,7,0,1,1,1
282,0,3,0,1,0,0,7,0,2,1,1
283,0,3,0,1,0,0,9,0,2,1,1
284,1,3,0,1,0,0,8,0,2,1,1
285,0,1,0,1,0,0,26,1,2,1,1
286,0,3,0,2,0,0,8,0,0,1,1
287,1,3,0,1,0,0,9,0,2,1,1
288,0,3,0,1,0,0,7,0,2,1,1
289,1,2,0,2,0,0,13,0,2,1,1
290,1,3,1,1,0,0,7,0,1,1,1
291,1,1,1,1,0,0,78,0,2,1,1
292,1,1,1,1,1,0,91,1,0,2,0
293,0,2,0,2,0,0,12,1,0,1,1
294,0,3,1,1,0,0,8,0,2,1,1
295,0,3,0,1,0,0,7,0,2,1,1
296,0,1,0,1,0,0,27,0,0,1,1
297,0,3,0,1,0,0,7,0,0,1,1
298,0,1,1,0,1,2,151,1,2,4,0
299,1,1,0,1,0,0,30,1,2,1,1
300,1,1,1,3,0,1,247,1,0,2,0
301,1,3,1,1,0,0,7,0,1,1,1
302,1,3,0,1,2,0,23,0,1,3,0
303,0,3,0,1,0,0,0,0,2,1,1
304,1,2,1,1,0,0,12,1,1,1,1
305,0,3,0,1,0,0,8,0,2,1,1
306,1,1,0,0,1,2,151,1,2,4,0
307,1,1,1,1,0,0,110,0,0,1,1
308,1,1,1,1,1,0,108,1,0,2,0
309,0,2,0,1,1,0,24,0,0,2,0
310,1,1,1,1,0,0,56,1,0,1,1
311,1,1,1,1,0,0,83,1,0,1,1
312,1,1,1,1,2,2,262,1,0,5,0
313,0,2,1,1,1,1,26,0,2,3,0
314,0,3,0,1,0,0,7,0,2,1,1
315,0,2,0,2,1,1,26,0,2,3,0
316,1,3,1,1,0,0,7,0,2,1,1
317,1,2,1,1,1,0,26,0,2,2,0
318,0,2,0,3,0,0,14,0,2,1,1
319,1,1,1,1,0,2,164,1,2,3,0
320,1,1,1,2,1,1,134,1,0,3,0
321,0,3,0,1,0,0,7,0,2,1,1
322,0,3,0,1,0,0,7,0,2,1,1
323,1,2,1,1,0,0,12,0,1,1,1
324,1,2,1,1,1,1,29,0,2,3,0
325,0,3,0,1,8,2,69,0,2,11,0
326,1,1,1,2,0,0,135,1,0,1,1
327,0,3,0,3,0,0,6,0,2,1,1
328,1,2,1,2,0,0,13,1,2,1,1
329,1,3,1,1,1,1,20,0,2,3,0
330,1,1,1,1,0,1,57,1,0,2,0
331,1,3,1,1,2,0,23,0,1,3,0
332,0,1,0,2,0,0,28,1,2,1,1
333,0,1,0,2,0,1,153,1,2,2,0
334,0,3,0,1,2,0,18,0,2,3,0
335,1,1,1,1,1,0,133,0,2,2,0
336,0,3,0,1,0,0,7,0,2,1,1
337,0,1,0,1,1,0,66,1,2,2,0
338,1,1,1,2,0,0,134,1,0,1,1
339,1,3,0,2,0,0,8,0,2,1,1
340,0,1,0,2,0,0,35,1,2,1,1
341,1,2,0,0,1,1,26,1,2,3,0
342,1,1,1,1,3,2,263,1,2,6,0
343,0,2,0,1,0,0,13,0,2,1,1
344,0,2,0,1,0,0,13,0,2,1,1
345,0,2,0,2,0,0,13,0,2,1,1
346,1,2,1,1,0,0,13,1,2,1,1
347,1,2,1,2,0,0,13,0,2,1,1
348,1,3,1,1,1,0,16,0,2,2,0
349,1,3,0,0,1,1,15,0,2,3,0
350,0,3,0,2,0,0,8,0,2,1,1
351,0,3,0,1,0,0,9,0,2,1,1
352,0,1,0,1,0,0,35,1,2,1,1
353,0,3,0,0,1,1,7,0,0,3,0
354,0,3,0,1,1,0,17,0,2,2,0
355,0,3,0,1,0,0,7,0,0,1,1
356,0,3,0,1,0,0,9,0,2,1,1
357,1,1,1,1,0,1,55,1,2,2,0
358,0,2,1,2,0,0,13,0,2,1,1
359,1,3,1,1,0,0,7,0,1,1,1
360,1,3,1,1,0,0,7,0,1,1,1
361,0,3,0,2,1,4,27,0,2,6,0
362,0,2,0,1,1,0,27,0,0,2,0
363,0,3,1,2,0,1,14,0,0,2,0
364,0,3,0,2,0,0,7,0,2,1,1
365,0,3,0,1,1,0,15,0,1,2,0
366,0,3,0,1,0,0,7,0,2,1,1
367,1,1,1,3,1,0,75,1,0,2,0
368,1,3,1,1,0,0,7,0,0,1,1
369,1,3,1,1,0,0,7,0,1,1,1
370,1,1,1,1,0,0,69,1,0,1,1
371,1,1,0,1,1,0,55,1,0,2,0
372,0,3,0,1,1,0,6,0,2,2,0
373,0,3,0,1,0,0,8,0,2,1,1
374,0,1,0,1,0,0,135,0,0,1,1
375,0,3,1,0,3,1,21,0,2,5,0
376,1,1,1,1,1,0,82,0,0,2,0
377,1,3,1,1,0,0,7,0,2,1,1
378,0,1,0,1,0,2,211,1,0,3,0
379,0,3,0,1,0,0,4,0,0,1,1
380,0,3,0,1,0,0,7,0,2,1,1
381,1,1,1,2,0,0,227,0,0,1,1
382,1,3,1,0,0,2,15,0,0,3,0
383,0,3,0,2,0,0,7,0,2,1,1
384,1,1,1,2,1,0,52,0,2,2,0
385,0,3,0,1,0,0,7,0,2,1,1
386,0,2,0,1,0,0,73,0,2,1,1
387,0,3,0,0,5,2,46,0,2,8,0
388,1,2,1,2,0,0,13,0,2,1,1
389,0,3,0,1,0,0,7,0,1,1,1
390,1,2,1,1,0,0,12,0,0,1,1
391,1,1,0,2,1,2,120,1,2,4,0
392,1,3,0,1,0,0,7,0,2,1,1
393,0,3,0,1,2,0,7,0,2,3,0
394,1,1,1,1,1,0,113,1,0,2,0
395,1,3,1,1,0,2,16,1,2,3,0
396,0,3,0,1,0,0,7,0,2,1,1
397,0,3,1,1,0,0,7,0,2,1,1
398,0,2,0,2,0,0,26,0,2,1,1
399,0,2,0,1,0,0,10,0,2,1,1
400,1,2,1,1,0,0,12,0,2,1,1
401,1,3,0,2,0,0,7,0,2,1,1
402,0,3,0,1,0,0,8,0,2,1,1
403,0,3,1,1,1,0,9,0,2,2,0
404,0,3,0,1,1,0,15,0,2,2,0
405,0,3,1,1,0,0,8,0,2,1,1
406,0,2,0,2,1,0,21,0,2,2,0
407,0,3,0,3,0,0,7,0,2,1,1
408,1,2,0,0,1,1,18,0,2,3,0
409,0,3,0,1,0,0,7,0,2,1,1
410,0,3,1,1,3,1,25,0,2,5,0
411,0,3,0,1,0,0,7,0,2,1,1
412,0,3,0,1,0,0,6,0,1,1,1
413,1,1,1,2,1,0,90,1,1,2,0
414,0,2,0,1,0,0,0,0,2,1,1
415,1,3,0,2,0,0,7,0,2,1,1
416,0,3,1,1,0,0,8,0,2,1,1
417,1,2,1,2,1,1,32,0,2,3,0
418,1,2,1,1,0,2,13,0,2,3,0
419,0,2,0,1,0,0,13,0,2,1,1
420,0,3,1,0,0,2,24,0,2,3,0
421,0,3,0,1,0,0,7,0,0,1,1
422,0,3,0,1,0,0,7,0,1,1,1
423,0,3,0,1,0,0,7,0,2,1,1
424,0,3,1,1,1,1,14,0,2,3,0
425,0,3,0,1,1,1,20,0,2,3,0
426,0,3,0,1,0,0,7,0,2,1,1
427,1,2,1,1,1,0,26,0,2,2,0
428,1,2,1,1,0,0,26,0,2,1,1
429,0,3,0,1,0,0,7,0,1,1,1
430,1,3,0,2,0,0,8,1,2,1,1
431,1,1,0,1,0,0,26,1,2,1,1
432,1,3,1,1,1,0,16,0,2,2,0
433,1,2,1,2,1,0,26,0,2,2,0
434,0,3,0,1,0,0,7,0,2,1,1
435,0,1,0,3,1,0,55,1,2,2,0
436,1,1,1,0,1,2,120,1,2,4,0
437,0,3,1,1,2,2,34,0,2,5,0
438,1,2,1,1,2,3,18,0,2,6,0
439,0,1,0,4,1,4,263,1,2,6,0
440,0,2,0,1,0,0,10,0,2,1,1
441,1,2,1,2,1,1,26,0,2,3,0
442,0,3,0,1,0,0,9,0,2,1,1
443,0,3,0,1,1,0,7,0,2,2,0
444,1,2,1,1,0,0,13,0,2,1,1
445,1,3,0,1,0,0,8,0,2,1,1
446,1,1,0,0,0,2,81,1,2,3,0
447,1,2,1,0,0,1,19,0,2,2,0
448,1,1,0,2,0,0,26,0,2,1,1
449,1,3,1,0,2,1,19,0,0,4,0
450,1,1,0,3,0,0,30,1,2,1,1
451,0,2,0,2,1,2,27,0,2,4,0
452,0,3,0,1,1,0,19,0,2,2,0
453,0,1,0,1,0,0,27,1,0,1,1
454,1,1,0,3,1,0,89,1,0,2,0
455,0,3,0,1,0,0,8,0,2,1,1
456,1,3,0,1,0,0,7,0,0,1,1
457,0,1,0,4,0,0,26,1,2,1,1
458,1,1,1,1,1,0,51,1,2,2,0
459,1,2,1,3,0,0,10,0,2,1,1
460,0,3,0,1,0,0,7,0,1,1,1
461,1,1,0,3,0,0,26,1,2,1,1
462,0,3,0,2,0,0,8,0,2,1,1
463,0,1,0,2,0,0,38,1,2,1,1
464,0,2,0,3,0,0,13,0,2,1,1
465,0,3,0,1,0,0,8,0,2,1,1
466,0,3,0,2,0,0,7,0,2,1,1
467,0,2,0,1,0,0,0,0,2,1,1
468,0,1,0,3,0,0,26,0,2,1,1
469,0,3,0,1,0,0,7,0,1,1,1
470,1,3,1,0,2,1,19,0,0,4,0
471,0,3,0,1,0,0,7,0,2,1,1
472,0,3,0,2,0,0,8,0,2,1,1
473,1,2,1,2,1,2,27,0,2,4,0
474,1,2,1,1,0,0,13,1,0,1,1
475,0,3,1,1,0,0,9,0,2,1,1
476,0,1,0,1,0,0,52,1,2,1,1
477,0,2,0,2,1,0,21,0,2,2,0
478,0,3,0,1,1,0,7,0,2,2,0
479,0,3,0,1,0,0,7,0,2,1,1
480,1,3,1,0,0,1,12,0,2,2,0
481,0,3,0,0,5,2,46,0,2,8,0
482,0,2,0,1,0,0,0,0,2,1,1
483,0,3,0,3,0,0,8,0,2,1,1
484,1,3,1,3,0,0,9,0,2,1,1
485,1,1,0,1,1,0,91,1,0,2,0
486,0,3,1,1,3,1,25,0,2,5,0
487,1,1,1,2,1,0,90,1,2,2,0
488,0,1,0,3,0,0,29,1,0,1,1
489,0,3,0,1,0,0,8,0,2,1,1
490,1,3,0,0,1,1,15,0,2,3,0
491,0,3,0,1,1,0,19,0,2,2,0
492,0,3,0,1,0,0,7,0,2,1,1
493,0,1,0,3,0,0,30,1,2,1,1
494,0,1,0,4,0,0,49,0,0,1,1
495,0,3,0,1,0,0,8,0,2,1,1
496,0,3,0,1,0,0,14,0,0,1,1
497,1,1,1,3,1,0,78,1,0,2,0
498,0,3,0,1,0,0,15,0,2,1,1
499,0,1,1,1,1,2,151,1,2,4,0
500,0,3,0,1,0,0,7,0,2,1,1
501,0,3,0,1,0,0,8,0,2,1,1
502,0,3,1,1,0,0,7,0,1,1,1
503,0,3,1,1,0,0,7,0,1,1,1
504,0,3,1,2,0,0,9,0,2,1,1
505,1,1,1,1,0,0,86,1,2,1,1
506,0,1,0,1,1,0,108,1,0,2,0
507,1,2,1,2,0,2,26,0,2,3,0
508,1,1,0,1,0,0,26,0,2,1,1
509,0,3,0,1,0,0,22,0,2,1,1
510,1,3,0,1,0,0,56,0,2,1,1
511,1,3,0,1,0,0,7,0,1,1,1
512,0,3,0,1,0,0,8,0,2,1,1
513,1,1,0,2,0,0,26,1,2,1,1
514,1,1,1,3,1,0,59,0,0,2,0
515,0,3,0,1,0,0,7,0,2,1,1
516,0,1,0,2,0,0,34,1,2,1,1
517,1,2,1,2,0,0,10,1,2,1,1
518,0,3,0,1,0,0,24,0,1,1,1
519,1,2,1,2,1,0,26,0,2,2,0
520,0,3,0,2,0,0,7,0,2,1,1
521,1,1,1,1,0,0,93,1,2,1,1
522,0,3,0,1,0,0,7,0,2,1,1
523,0,3,0,1,0,0,7,0,0,1,1
524,1,1,1,2,0,1,57,1,0,2,0
525,0,3,0,1,0,0,7,0,0,1,1
526,0,3,0,2,0,0,7,0,1,1,1
527,1,2,1,3,0,0,10,0,2,1,1
528,0,1,0,1,0,0,221,1,2,1,1
529,0,3,0,2,0,0,7,0,2,1,1
530,0,2,0,1,2,1,11,0,2,4,0
531,1,2,1,0,1,1,26,0,2,3,0
532,0,3,0,1,0,0,7,0,0,1,1
533,0,3,0,1,1,1,7,0,0,3,0
534,1,3,1,1,0,2,22,0,0,3,0
535,0,3,1,1,0,0,8,0,2,1,1
536,1,2,1,0,0,2,26,0,2,3,0
537,0,1,0,2,0,0,26,1,2,1,1
538,1,1,1,1,0,0,106,0,0,1,1
539,0,3,0,1,0,0,14,0,2,1,1
540,1,1,1,1,0,2,49,1,0,3,0
541,1,1,1,2,0,2,71,1,2,3,0
542,0,3,1,0,4,2,31,0,2,7,0
543,0,3,1,0,4,2,31,0,2,7,0
544,1,2,0,2,1,0,26,0,2,2,0
545,0,1,0,3,1,0,106,1,0,2,0
546,0,1,0,4,0,0,26,0,2,1,1
547,1,2,1,1,1,0,26,0,2,2,0
548,1,2,0,1,0,0,13,0,0,1,1
549,0,3,0,2,1,1,20,0,2,3,0
550,1,2,0,0,1,1,36,0,2,3,0
551,1,1,0,1,0,2,110,1,0,3,0
552,0,2,0,1,0,0,26,0,2,1,1
553,0,3,0,1,0,0,7,0,1,1,1
554,1,3,0,1,0,0,7,0,0,1,1
555,1,3,1,1,0,0,7,0,2,1,1
556,0,1,0,3,0,0,26,0,2,1,1
557,1,1,1,3,1,0,39,1,0,2,0
558,0,1,0,1,0,0,227,0,0,1,1
559,1,1,1,2,1,1,79,1,2,3,0
560,1,3,1,2,1,0,17,0,2,2,0
561,0,3,0,1,0,0,7,0,1,1,1
562,0,3,0,2,0,0,7,0,2,1,1
563,0,2,0,1,0,0,13,0,2,1,1
564,0,3,0,1,0,0,8,0,2,1,1
565,0,3,1,1,0,0,8,0,2,1,1
566,0,3,0,1,2,0,24,0,2,3,0
567,0,3,0,1,0,0,7,0,2,1,1
568,0,3,1,1,0,4,21,0,2,5,0
569,0,3,0,1,0,0,7,0,0,1,1
570,1,3,0,2,0,0,7,0,2,1,1
571,1,2,0,3,0,0,10,0,2,1,1
572,1,1,1,3,2,0,51,1,2,3,0
573,1,1,0,2,0,0,26,1,2,1,1
574,1,3,1,1,0,0,7,0,1,1,1
575,0,3,0,1,0,0,8,0,2,1,1
576,0,3,0,1,0,0,14,0,2,1,1
577,1,2,1,2,0,0,13,0,2,1,1
578,1,1,1,2,1,0,55,1,2,2,0
579,0,3,1,1,1,0,14,0,0,2,0
580,1,3,0,2,0,0,7,0,2,1,1
581,1,2,1,1,1,1,30,0,2,3,0
582,1,1,1,2,1,1,110,1,0,3,0
583,0,2,0,3,0,0,26,0,2,1,1
584,0,1,0,2,0,0,40,1,0,1,1
585,0,3,0,1,0,0,8,0,0,1,1
586,1,1,1,1,0,2,79,1,2,3,0
587,0,2,0,2,0,0,15,0,2,1,1
588,1,1,0,3,1,1,79,1,0,3,0
589,0,3,0,1,0,0,8,0,2,1,1
590,0,3,0,1,0,0,8,0,2,1,1
591,0,3,0,2,0,0,7,0,2,1,1
592,1,1,1,3,1,0,78,1,0,2,0
593,0,3,0,2,0,0,7,0,2,1,1
594,0,3,1,1,0,2,7,0,1,3,0
595,0,2,0,2,1,0,26,0,2,2,0
596,0,3,0,2,1,1,24,0,2,3,0
597,1,2,1,1,0,0,33,0,2,1,1
598,0,3,0,3,0,0,0,0,2,1,1
599,0,3,0,1,0,0,7,0,0,1,1
600,1,1,0,3,1,0,56,1,0,2,0
601,1,2,1,1,2,1,27,0,2,4,0
602,0,3,0,1,0,0,7,0,2,1,1
603,0,1,0,1,0,0,42,0,2,1,1
604,0,3,0,2,0,0,8,0,2,1,1
605,1,1,0,2,0,0,26,0,0,1,1
606,0,3,0,2,1,0,15,0,2,2,0
607,0,3,0,1,0,0,7,0,2,1,1
608,1,1,0,1,0,0,30,0,2,1,1
609,1,2,1,1,1,2,41,0,0,4,0
610,1,1,1,2,0,0,153,1,2,1,1
611,0,3,1,2,1,5,31,0,2,7,0
612,0,3,0,1,0,0,7,0,2,1,1
613,1,3,1,1,1,0,15,0,1,2,0
614,0,3,0,1,0,0,7,0,1,1,1
615,0,3,0,2,0,0,8,0,2,1,1
616,1,2,1,1,1,2,65,0,2,4,0
617,0,3,0,2,1,1,14,0,2,3,0
618,0,3,1,1,1,0,16,0,2,2,0
619,1,2,1,0,2,1,39,1,2,4,0
620,0,2,0,1,0,0,10,0,2,1,1
621,0,3,0,1,1,0,14,0,0,2,0
622,1,1,0,2,1,0,52,1,2,2,0
623,1,3,0,1,1,1,15,0,0,3,0
624,0,3,0,1,0,0,7,0,2,1,1
625,0,3,0,1,0,0,16,0,2,1,1
626,0,1,0,3,0,0,32,1,2,1,1
627,0,2,0,3,0,0,12,0,1,1,1
628,1,1,1,1,0,0,77,1,2,1,1
629,0,3,0,1,0,0,7,0,2,1,1
630,0,3,0,1,0,0,7,0,1,1,1
631,1,1,0,5,0,0,30,1,2,1,1
632,0,3,0,3,0,0,7,0,2,1,1
633,1,1,0,2,0,0,30,1,0,1,1
634,0,1,0,1,0,0,0,0,2,1,1
635,0,3,1,0,3,2,27,0,2,6,0
636,1,2,1,1,0,0,13,0,2,1,1
637,0,3,0,2,0,0,7,0,2,1,1
638,0,2,0,1,1,1,26,0,2,3,0
639,0,3,1,2,0,5,39,0,2,6,0
640,0,3,0,1,1,0,16,0,2,2,0
641,0,3,0,1,0,0,7,0,2,1,1
642,1,1,1,1,0,0,69,1,0,1,1
643,0,3,1,0,3,2,27,0,2,6,0
644,1,3,0,1,0,0,56,0,2,1,1
645,1,3,1,0,2,1,19,0,0,4,0
646,1,1,0,3,1,0,76,1,0,2,0
647,0,3,0,1,0,0,7,0,2,1,1
648,1,1,0,3,0,0,35,1,0,1,1
649,0,3,0,1,0,0,7,0,2,1,1
650,1,3,1,1,0,0,7,0,2,1,1
651,0,3,0,1,0,0,7,0,2,1,1
652,1,2,1,1,0,1,23,0,2,2,0
653,0,3,0,1,0,0,8,0,2,1,1
654,1,3,1,1,0,0,7,0,1,1,1
655,0,3,1,1,0,0,6,0,1,1,1
656,0,2,0,1,2,0,73,0,2,3,0
657,0,3,0,1,0,0,7,0,2,1,1
658,0,3,1,2,1,1,15,0,1,3,0
659,0,2,0,1,0,0,13,0,2,1,1
660,0,1,0,3,0,2,113,1,0,3,0
661,1,1,0,3,2,0,133,0,2,3,0
662,0,3,0,2,0,0,7,0,0,1,1
663,0,1,0,2,0,0,25,1,2,1,1
664,0,3,0,2,0,0,7,0,2,1,1
665,1,3,0,1,1,0,7,0,2,2,0
666,0,2,0,2,2,0,73,0,2,3,0
667,0,2,0,1,0,0,13,0,2,1,1
668,0,3,0,1,0,0,7,0,2,1,1
669,0,3,0,2,0,0,8,0,2,1,1
670,1,1,1,1,1,0,52,1,2,2,0
671,1,2,1,2,1,1,39,0,2,3,0
672,0,1,0,1,1,0,52,1,2,2,0
673,0,2,0,4,0,0,10,0,2,1,1
674,1,2,0,1,0,0,13,0,2,1,1
675,0,2,0,1,0,0,0,0,2,1,1
676,0,3,0,1,0,0,7,0,2,1,1
677,0,3,0,1,0,0,8,0,2,1,1
678,1,3,1,1,0,0,9,0,2,1,1
679,0,3,1,2,1,6,46,0,2,8,0
680,1,1,0,2,0,1,512,1,0,2,0
681,0,3,1,1,0,0,8,0,1,1,1
682,1,1,0,1,0,0,76,1,0,1,1
683,0,3,0,1,0,0,9,0,2,1,1
684,0,3,0,0,5,2,46,0,2,8,0
685,0,2,0,3,1,1,39,0,2,3,0
686,0,2,0,1,1,2,41,0,0,4,0
687,0,3,0,0,4,1,39,0,2,6,0
688,0,3,0,1,0,0,10,0,2,1,1
689,0,3,0,1,0,0,7,0,2,1,1
690,1,1,1,0,0,1,211,1,2,2,0
691,1,1,0,1,1,0,57,1,2,2,0
692,1,3,1,0,0,1,13,0,0,2,0
693,1,3,0,1,0,0,56,0,2,1,1
694,0,3,0,1,0,0,7,0,0,1,1
695,0,1,0,3,0,0,26,0,2,1,1
696,0,2,0,3,0,0,13,0,2,1,1
697,0,3,0,2,0,0,8,0,2,1,1
698,1,3,1,1,0,0,7,0,1,1,1
699,0,1,0,3,1,1,110,1,0,3,0
700,0,3,0,2,0,0,7,1,2,1,1
701,1,1,1,1,1,0,227,1,0,2,0
702,1,1,0,2,0,0,26,1,2,1,1
703,0,3,1,1,0,1,14,0,0,2,0
704,0,3,0,1,0,0,7,0,1,1,1
705,0,3,0,1,1,0,7,0,2,2,0
706,0,2,0,2,0,0,26,0,2,1,1
707,1,2,1,2,0,0,13,0,2,1,1
708,1,1,0,2,0,0,26,1,2,1,1
709,1,1,1,1,0,0,151,0,2,1,1
710,1,3,0,1,1,1,15,0,0,3,0
711,1,1,1,1,0,0,49,1,0,1,1
712,0,1,0,1,0,0,26,1,2,1,1
713,1,1,0,3,1,0,52,1,2,2,0
714,0,3,0,1,0,0,9,0,2,1,1
715,0,2,0,3,0,0,13,0,2,1,1
716,0,3,0,1,0,0,7,1,2,1,1
717,1,1,1,2,0,0,227,1,0,1,1
718,1,2,1,1,0,0,10,1,2,1,1
719,0,3,0,1,0,0,15,0,1,1,1
720,0,3,0,2,0,0,7,0,2,1,1
721,1,2,1,0,0,1,33,0,2,2,0
722,0,3,0,1,1,0,7,0,2,2,0
723,0,2,0,2,0,0,13,0,2,1,1
724,0,2,0,3,0,0,13,0,2,1,1
725,1,1,0,1,1,0,53,1,2,2,0
726,0,3,0,1,0,0,8,0,2,1,1
727,1,2,1,1,3,0,21,0,2,4,0
728,1,3,1,1,0,0,7,0,1,1,1
729,0,2,0,1,1,0,26,0,2,2,0
730,0,3,1,1,1,0,7,0,2,2,0
731,1,1,1,1,0,0,211,1,2,1,1
732,0,3,0,0,0,0,18,0,0,1,1
733,0,2,0,1,0,0,0,0,2,1,1
734,0,2,0,1,0,0,13,0,2,1,1
735,0,2,0,1,0,0,13,0,2,1,1
736,0,3,0,1,0,0,16,0,2,1,1
737,0,3,1,3,1,3,34,0,2,5,0
738,1,1,0,2,0,0,512,1,0,1,1
739,0,3,0,1,0,0,7,0,2,1,1
740,0,3,0,1,0,0,7,0,2,1,1
741,1,1,0,1,0,0,30,1,2,1,1
742,0,1,0,2,1,0,78,1,2,2,0
743,1,1,1,1,2,2,262,1,0,5,0
744,0,3,0,1,1,0,16,0,2,2,0
745,1,3,0,1,0,0,7,0,2,1,1
746,0,1,0,4,1,1,71,1,2,3,0
747,0,3,0,1,1,1,20,0,2,3,0
748,1,2,1,1,0,0,13,0,2,1,1
749,0,1,0,1,1,0,53,1,2,2,0
750,0,3,0,1,0,0,7,0,1,1,1
751,1,2,1,0,1,1,23,0,2,3,0
752,1,3,0,0,0,1,12,1,2,2,0
753,0,3,0,2,0,0,9,0,2,1,1
754,0,3,0,1,0,0,7,0,2,1,1
755,1,2,1,3,1,2,65,0,2,4,0
756,1,2,0,0,1,1,14,0,2,3,0
757,0,3,0,1,0,0,7,0,2,1,1
758,0,2,0,1,0,0,11,0,2,1,1
759,0,3,0,2,0,0,8,0,2,1,1
760,1,1,1,2,0,0,86,1,2,1,1
761,0,3,0,1,0,0,14,0,2,1,1
762,0,3,0,2,0,0,7,0,2,1,1
763,1,3,0,1,0,0,7,0,0,1,1
764,1,1,1,2,1,2,120,1,2,4,0
765,0,3,0,1,0,0,7,0,2,1,1
766,1,1,1,3,1,0,77,1,2,2,0
767,0,1,0,1,0,0,39,0,0,1,1
768,0,3,1,1,0,0,7,0,1,1,1
769,0,3,0,1,1,0,24,0,1,2,0
770,0,3,0,2,0,0,8,0,2,1,1
771,0,3,0,1,0,0,9,0,2,1,1
772,0,3,0,3,0,0,7,0,2,1,1
773,0,2,1,3,0,0,10,1,2,1,1
774,0,3,0,1,0,0,7,0,0,1,1
775,1,2,1,3,1,3,23,0,2,5,0
776,0,3,0,1,0,0,7,0,2,1,1
777,0,3,0,1,0,0,7,1,1,1,1
778,1,3,1,0,0,0,12,0,2,1,1
779,0,3,0,1,0,0,7,0,1,1,1
780,1,1,1,2,0,1,211,1,2,2,0
781,1,3,1,0,0,0,7,0,0,1,1
782,1,1,1,1,1,0,57,1,2,2,0
783,0,1,0,1,0,0,30,1,2,1,1
784,0,3,0,1,1,2,23,0,2,4,0
785,0,3,0,1,0,0,7,0,2,1,1
786,0,3,0,1,0,0,7,0,2,1,1
787,1,3,1,1,0,0,7,0,2,1,1
788,0,3,0,0,4,1,29,0,1,6,0
789,1,3,0,0,1,2,20,0,2,4,0
790,0,1,0,2,0,0,79,1,0,1,1
791,0,3,0,1,0,0,7,0,1,1,1
792,0,2,0,1,0,0,26,0,2,1,1
793,0,3,1,1,8,2,69,0,2,11,0
794,0,1,0,1,0,0,30,0,0,1,1
795,0,3,0,1,0,0,7,0,2,1,1
796,0,2,0,2,0,0,13,0,2,1,1
797,1,1,1,3,0,0,25,1,2,1,1
798,1,3,1,1,0,0,8,0,2,1,1
799,0,3,0,1,0,0,7,0,0,1,1
800,0,3,1,1,1,1,24,0,2,3,0
801,0,2,0,2,0,0,13,0,2,1,1
802,1,2,1,1,1,1,26,0,2,3,0
803,1,1,0,0,1,2,120,1,2,4,0
804,1,3,0,0,0,1,8,0,0,2,0
805,1,3,0,1,0,0,6,0,2,1,1
806,0,3,0,1,0,0,7,0,2,1,1
807,0,1,0,2,0,0,0,1,2,1,1
808,0,3,1,1,0,0,7,0,2,1,1
809,0,2,0,2,0,0,13,0,2,1,1
810,1,1,1,2,1,0,53,1,2,2,0
811,0,3,0,1,0,0,7,0,2,1,1
812,0,3,0,2,0,0,24,0,2,1,1
813,0,2,0,2,0,0,10,0,2,1,1
814,0,3,1,0,4,2,31,0,2,7,0
815,0,3,0,1,0,0,8,0,2,1,1
816,0,1,0,1,0,0,0,1,2,1,1
817,0,3,1,1,0,0,7,0,2,1,1
818,0,2,0,1,1,1,37,0,0,3,0
819,0,3,0,2,0,0,6,0,2,1,1
820,0,3,0,0,3,2,27,0,2,6,0
821,1,1,1,3,1,1,93,1,2,3,0
822,1,3,0,1,0,0,8,0,2,1,1
823,0,1,0,2,0,0,0,0,2,1,1
824,1,3,1,1,0,1,12,1,2,2,0
825,0,3,0,0,4,1,39,0,2,6,0
826,0,3,0,1,0,0,6,0,1,1,1
827,0,3,0,1,0,0,56,0,2,1,1
828,1,2,0,0,0,2,37,0,0,3,0
829,1,3,0,1,0,0,7,0,1,1,1
830,1,1,1,3,0,0,80,1,2,1,1
831,1,3,1,0,1,0,14,0,0,2,0
832,1,2,0,0,1,1,18,0,2,3,0
833,0,3,0,1,0,0,7,0,0,1,1
834,0,3,0,1,0,0,7,0,2,1,1
835,0,3,0,1,0,0,8,0,2,1,1
836,1,1,1,2,1,1,83,1,0,3,0
837,0,3,0,1,0,0,8,0,2,1,1
838,0,3,0,1,0,0,8,0,2,1,1
839,1,3,0,2,0,0,56,0,2,1,1
840,1,1,0,1,0,0,29,1,0,1,1
841,0,3,0,1,0,0,7,0,2,1,1
842,0,2,0,1,0,0,10,0,2,1,1
843,1,1,1,1,0,0,31,0,0,1,1
844,0,3,0,2,0,0,6,0,0,1,1
845,0,3,0,1,0,0,8,0,2,1,1
846,0,3,0,2,0,0,7,0,2,1,1
847,0,3,0,1,8,2,69,0,2,11,0
848,0,3,0,2,0,0,7,0,0,1,1
849,0,2,0,1,0,1,33,0,2,2,0
850,1,1,1,1,1,0,89,1,0,2,0
851,0,3,0,0,4,2,31,0,2,7,0
852,0,3,0,4,0,0,7,0,2,1,1
853,0,3,1,0,1,1,15,0,0,3,0
854,1,1,1,1,0,1,39,1,2,2,0
855,0,2,1,2,1,0,26,0,2,2,0
856,1,3,1,1,0,1,9,0,2,2,0
857,1,1,1,2,1,1,164,0,2,3,0
858,1,1,0,3,0,0,26,1,2,1,1
859,1,3,1,1,0,3,19,0,0,4,0
860,0,3,0,1,0,0,7,0,0,1,1
861,0,3,0,2,2,0,14,0,2,3,0
862,0,2,0,1,1,0,11,0,2,2,0
863,1,1,1,3,0,0,25,1,2,1,1
864,0,3,1,1,8,2,69,0,2,11,0
865,0,2,0,1,0,0,13,0,2,1,1
866,1,2,1,2,0,0,13,0,2,1,1
867,1,2,1,1,1,0,13,0,0,2,0
868,0,1,0,1,0,0,50,1,2,1,1
869,0,3,0,1,0,0,9,0,2,1,1
870,1,3,0,0,1,1,11,0,2,3,0
871,0,3,0,1,0,0,7,0,2,1,1
872,1,1,1,2,1,1,52,1,2,3,0
873,0,1,0,2,0,0,5,1,2,1,1
874,0,3,0,2,0,0,9,0,2,1,1
875,1,2,1,1,1,0,24,0,0,2,0
876,1,3,1,0,0,0,7,0,0,1,1
877,0,3,0,1,0,0,9,0,2,1,1
878,0,3,0,1,0,0,7,0,2,1,1
879,0,3,0,1,0,0,7,0,2,1,1
880,1,1,1,3,0,1,83,1,0,2,0
881,1,2,1,1,0,1,26,0,2,2,0
882,0,3,0,2,0,0,7,0,2,1,1
883,0,3,1,1,0,0,10,0,2,1,1
884,0,2,0,1,0,0,10,0,2,1,1
885,0,3,0,1,0,0,7,0,2,1,1
886,0,3,1,2,0,5,29,0,1,6,0
887,0,2,0,1,0,0,13,0,2,1,1
888,1,1,1,1,0,0,30,1,2,1,1
889,0,3,1,1,1,2,23,0,2,4,0
890,1,1,0,1,0,0,30,1,0,1,1
891,0,3,0,2,0,0,7,0,1,1,1
